ProductName,Price,Rate,Review,Summary
"Candes 12 L Room/Personal Air Cooler??(White, Black, Elegant High Speed-Honey Comb Cooling Pad & Ice Chamber, Blower)","??3,999",5,Super!,Great cooler.. excellent air flow and for this price. It's so amazing and unbelievable.Just love it ??
"Candes 12 L Room/Personal Air Cooler??(White, Black, Elegant High Speed-Honey Comb Cooling Pad & Ice Chamber, Blower)","??3,999",5,Awesome,Best budget 2 fit cooler. Nice cooling
"Candes 12 L Room/Personal Air Cooler??(White, Black, Elegant High Speed-Honey Comb Cooling Pad & Ice Chamber, Blower)","??3,999",3,Fair,The quality is good but the power of air is decent
"Candes 12 L Room/Personal Air Cooler??(White, Black, Elegant High Speed-Honey Comb Cooling Pad & Ice Chamber, Blower)","??3,999",1,Useless product,Very bad product it's a only a fan
"Candes 12 L Room/Personal Air Cooler??(White, Black, Elegant High Speed-Honey Comb Cooling Pad & Ice Chamber, Blower)","??3,999",3,Fair,Ok ok product
"Candes 12 L Room/Personal Air Cooler??(White, Black, Elegant High Speed-Honey Comb Cooling Pad & Ice Chamber, Blower)","??3,999",5,Awesome,The cooler is really fantastic and provides good air flow. Highly recommended
"Candes 12 L Room/Personal Air Cooler??(White, Black, Elegant High Speed-Honey Comb Cooling Pad & Ice Chamber, Blower)","??3,999",5,Highly recommended,Very good product
"Candes 12 L Room/Personal Air Cooler??(White, Black, Elegant High Speed-Honey Comb Cooling Pad & Ice Chamber, Blower)","??3,999",3,Nice,Very nice
"Candes 12 L Room/Personal Air Cooler??(White, Black, Elegant High Speed-Honey Comb Cooling Pad & Ice Chamber, Blower)","??3,999",1,Unsatisfactory,Very bad cooler
"Candes 12 L Room/Personal Air Cooler??(White, Black, Elegant High Speed-Honey Comb Cooling Pad & Ice Chamber, Blower)","??3,999",4,Worth the money,Very good
"Candes 60 L Room/Personal Air Cooler??(White, Black, CRETA)","??8,999",5,Great product,Beautiful product good material and perfectly working
"Candes 60 L Room/Personal Air Cooler??(White, Black, CRETA)","??8,999",5,Mind-blowing purchase,Awesome
"Candes 60 L Room/Personal Air Cooler??(White, Black, CRETA)","??8,999",5,Highly recommended,Good
"Candes 60 L Room/Personal Air Cooler??(White, Black, CRETA)","??8,999",5,Brilliant,"Wonderful product, Must buy"
"Candes 60 L Room/Personal Air Cooler??(White, Black, CRETA)","??8,999",5,Classy product,"Nice air cooler, smart cool breeze producer"
"Candes 60 L Room/Personal Air Cooler??(White, Black, CRETA)","??8,999",5,Must buy!,Awsm
"Candes 60 L Room/Personal Air Cooler??(White, Black, CRETA)","??8,999",5,Fabulous!,Nice product ???
"Candes 60 L Room/Personal Air Cooler??(White, Black, CRETA)","??8,999",5,Worth every penny,Great cooler..
"Candes 60 L Room/Personal Air Cooler??(White, Black, CRETA)","??8,999",5,Super!,Nice product
"Candes 60 L Room/Personal Air Cooler??(White, Black, CRETA)","??8,999",5,Great product,Good ???
"Candes 60 L Room/Personal Air Cooler??(White, Black, CRETA)","??8,999",5,Awesome,Very nice product ???? ???
"Candes 60 L Room/Personal Air Cooler??(White, Black, CRETA)","??8,999",5,Worth every penny,Good product
"Candes 60 L Room/Personal Air Cooler??(White, Black, CRETA)","??8,999",5,Just wow!,Nice product with the reasonable price
"Candes 60 L Room/Personal Air Cooler??(White, Black, CRETA)","??8,999",5,Awesome,I like it...?
"Candes 60 L Room/Personal Air Cooler??(White, Black, CRETA)","??8,999",5,Terrific purchase,Very goodd
"Candes 60 L Room/Personal Air Cooler??(White, Black, CRETA)","??8,999",5,Excellent,Good product
"Candes 60 L Room/Personal Air Cooler??(White, Black, CRETA)","??8,999",5,Worth every penny,Good product kawaleti
"Candes 60 L Room/Personal Air Cooler??(White, Black, CRETA)","??8,999",5,Terrific,Very good cooler amazing beautiful designs affordable price
"Candes 60 L Room/Personal Air Cooler??(White, Black, CRETA)","??8,999",5,Awesome,Using since 3months. Great experience.
"Candes 60 L Room/Personal Air Cooler??(White, Black, CRETA)","??8,999",5,Simply awesome,Very good performance and nice look
"Candes 60 L Room/Personal Air Cooler??(White, Black, CRETA)","??8,999",4,Wonderful,Product is good having strong thrust of air flow.. Must buy
"Candes 60 L Room/Personal Air Cooler??(White, Black, CRETA)","??8,999",5,Terrific,Very good ???
"Candes 60 L Room/Personal Air Cooler??(White, Black, CRETA)","??8,999",2,Expected a better product,Bad quality
"Candes 60 L Room/Personal Air Cooler??(White, Black, CRETA)","??8,999",5,Excellent,Very nice ??? product
"Candes 60 L Room/Personal Air Cooler??(White, Black, CRETA)","??8,999",5,Terrific purchase,Very soundless product and low price other company
"Candes 60 L Room/Personal Air Cooler??(White, Black, CRETA)","??8,999",5,Wonderful,Nice
"MAHARAJA WHITELINE 65 L Desert Air Cooler??(White, Grey, Rambo Grey / AC-303)","??7,999",5,Wonderful,The best poduct that i bought from flifkart it works superb like ac and price is also reasonable only rs 8698
"MAHARAJA WHITELINE 65 L Desert Air Cooler??(White, Grey, Rambo Grey / AC-303)","??7,999",4,Good quality product,"cooler is big and wide . maharaja brand trust (y) every thing is good about cooler ,create less noise . only thing is that its motor is not powerful   even in high speed rest all things are good ,.but yes for one middle size room it is ok"
"MAHARAJA WHITELINE 65 L Desert Air Cooler??(White, Grey, Rambo Grey / AC-303)","??7,999",5,Awesome,It is one of the best air coolers at reasonable price have ever seen but the ventilation of the room is must for proper cooling but the size is quite big it will I hope create a space problem during off seasons... The air supply is very good and it's one of the essential part of the air cooler with the wool wood pads which helps to make super cooling.... Afterall thank you Maharaja company to make such a product in affordable and reasonable price
"MAHARAJA WHITELINE 65 L Desert Air Cooler??(White, Grey, Rambo Grey / AC-303)","??7,999",5,Excellent,Awesome Air coolerI was looking for a cooler under this range and this has fulfilled my requirement. This has the following features:1) Great Air through the capacity of 5000 m3/hr 2) Comes with a large 65-litre tank which can run overnight with ease.3) Great built that is a shockproof and reliable material.4) You have to stop this beast at night because it has that massive cooling capability.One small concern is mine and it is for sure that it is not a deal-breaker that it produces s...
"MAHARAJA WHITELINE 65 L Desert Air Cooler??(White, Grey, Rambo Grey / AC-303)","??7,999",5,Great product,"Purchased after a lot of discussions and reviews. I would say this the best which gives you the comfort needed. Best to for with no 2nd thoughts. Nice cooling, low noise. Hope this should be energy efficient and used for a long run..."
"MAHARAJA WHITELINE 65 L Desert Air Cooler??(White, Grey, Rambo Grey / AC-303)","??7,999",5,Highly recommended,Very nice cooler. Cooling is very good  there is no noise. I reviewed a lot then only i purchased it. If you want effective cooling you have to set it up at a window where there is cross ventilation. Without cross ventilation it will make environment humid. Lookwise it is very nice and material is strong.
"MAHARAJA WHITELINE 65 L Desert Air Cooler??(White, Grey, Rambo Grey / AC-303)","??7,999",5,Awesome,feedback given after using one week .. the cooler is amazing it's making the whole room cooling .. you should install the cooler near to your windows .. & the delivery was on time as well .the delivery boy also very supportive
"MAHARAJA WHITELINE 65 L Desert Air Cooler??(White, Grey, Rambo Grey / AC-303)","??7,999",3,Decent product,Great deal .. 65 l quite big tank . Sufficient Cooling for one medium size room .. 3 modes works well.. best in this range
"MAHARAJA WHITELINE 65 L Desert Air Cooler??(White, Grey, Rambo Grey / AC-303)","??7,999",5,Fabulous!,I bought this cooler on heavy discount by flipkart. Cooler is build of good quality material. It has a fast fan with powerfull motor pump. Air quality is Excellent even for a big room. A must buy value for money product.
"MAHARAJA WHITELINE 65 L Desert Air Cooler??(White, Grey, Rambo Grey / AC-303)","??7,999",3,Very satisfactory,"The Good things1. Very well packed. Good amount of thermocols to protect from transport damages2. Sturdy body3. Relatively less noise as compared to Bajaj cooler I had earlierWish this was betterFor many purposes, it is necessary to open Cooler body. Opening the body of cooler is not very intuitive. Common consumers may not even attempt for fear of damaging something. 1. Easy opening of side frames to change pads, or clean the water inlets2. Water balloon used to cut water supply au..."
"MAHARAJA WHITELINE 65 L Desert Air Cooler??(White, Grey, Rambo Grey / AC-303)","??7,999",4,Good quality product,Excellent product..Happy with result....Nice air flow...Osm cooling.....
"MAHARAJA WHITELINE 65 L Desert Air Cooler??(White, Grey, Rambo Grey / AC-303)","??7,999",5,Mind-blowing purchase,cooler Works Fine And It Is Inverter Friendly
"MAHARAJA WHITELINE 65 L Desert Air Cooler??(White, Grey, Rambo Grey / AC-303)","??7,999",1,Waste of money!,"Small wire and moter capacity is very low fan speed was not good ,out flow vent hole is above the lower part of cooler ,it's very difficult to change water."
"MAHARAJA WHITELINE 65 L Desert Air Cooler??(White, Grey, Rambo Grey / AC-303)","??7,999",5,Must buy!,Perfect product for large size room.
"MAHARAJA WHITELINE 65 L Desert Air Cooler??(White, Grey, Rambo Grey / AC-303)","??7,999",4,Good not best,Average cooling not much as expected by size and reviews of cooler... cooling is sufficient Maharaja whiteline should work on its cooling efficiency and reduce size by width can increase in height to maintain tank capacity.
"MAHARAJA WHITELINE 65 L Desert Air Cooler??(White, Grey, Rambo Grey / AC-303)","??7,999",5,Must buy!,Product was amazing..  cooling capacity awsum. Pls go for ahead .. a big thumbs up ?
"MAHARAJA WHITELINE 65 L Desert Air Cooler??(White, Grey, Rambo Grey / AC-303)","??7,999",4,Does the job,good
"MAHARAJA WHITELINE 65 L Desert Air Cooler??(White, Grey, Rambo Grey / AC-303)","??7,999",3,Nice,"Received dalay 10 days, cooler is ok, when I was reveived switch damaged."
"MAHARAJA WHITELINE 65 L Desert Air Cooler??(White, Grey, Rambo Grey / AC-303)","??7,999",4,Worth the money,"Big one,working good 2days of use hope will work for long run"
"MAHARAJA WHITELINE 65 L Desert Air Cooler??(White, Grey, Rambo Grey / AC-303)","??7,999",4,Pretty good,good product nice air flow and no noice
"MAHARAJA WHITELINE 65 L Desert Air Cooler??(White, Grey, Rambo Grey / AC-303)","??7,999",5,Good cooler,In this price.. Good cooler..
"MAHARAJA WHITELINE 65 L Desert Air Cooler??(White, Grey, Rambo Grey / AC-303)","??7,999",4,Wonderful,is good for many
"MAHARAJA WHITELINE 65 L Desert Air Cooler??(White, Grey, Rambo Grey / AC-303)","??7,999",4,Wonderful,"It is an awesome product, light weight, easy to use and having lot of features"
"MAHARAJA WHITELINE 65 L Desert Air Cooler??(White, Grey, Rambo Grey / AC-303)","??7,999",1,Worthless,The product doesn't cool as rated by other customers . The cooling is very slow . Very wrost product . I recommend to not buy this item . Wastage of money .
"MAHARAJA WHITELINE 65 L Desert Air Cooler??(White, Grey, Rambo Grey / AC-303)","??7,999",5,Great product,looks like monster cooler. it is working as awesome
"MAHARAJA WHITELINE 65 L Desert Air Cooler??(White, Grey, Rambo Grey / AC-303)","??7,999",5,Great product,"Very nice product, Thank you Flipkart."
"MAHARAJA WHITELINE 65 L Desert Air Cooler??(White, Grey, Rambo Grey / AC-303)","??7,999",5,Must buy!,Very good
"MAHARAJA WHITELINE 65 L Desert Air Cooler??(White, Grey, Rambo Grey / AC-303)","??7,999",4,Good quality product,Good cooler.  It occupies more space..   Looks very large but good for Hall..   It covers all the places...
"MAHARAJA WHITELINE 65 L Desert Air Cooler??(White, Grey, Rambo Grey / AC-303)","??7,999",3,Decent product,"Very impressive cooler.Pros - Stylish , Energy efficient 165 Watt , Very good air throw and cooling , Summersible pumpCons - Very bulky take more place than other , No wheel , lack of ice box"
"MAHARAJA WHITELINE 65 L Desert Air Cooler??(White, Grey, Rambo Grey / AC-303)","??7,999",5,Brilliant,Best cooler. I bought 6884/-
"MAHARAJA WHITELINE 65 L Desert Air Cooler??(White, Grey, Rambo Grey / AC-303)","??7,999",5,Super!,Excellent cooler in this price range.Pros:1) Air throw is very powerful even when u run it at slow speed setting 2) Cooling and Tank capacity3) Ergonomics Cons:1) If you want to clean the cooler then opening the pads is very cumbersome process. If you have placed it on some flat surface then also draining the old water is very difficult. Overall V good cooler apart from above cons and considering price.
"MAHARAJA WHITELINE 65 L Desert Air Cooler??(White, Grey, Rambo Grey / AC-303)","??7,999",1,Worst experience ever!,Cooler not provide cool air... Because 1year experience.
"MAHARAJA WHITELINE 65 L Desert Air Cooler??(White, Grey, Rambo Grey / AC-303)","??7,999",5,Perfect product!,A good product in budget
"MAHARAJA WHITELINE 65 L Desert Air Cooler??(White, Grey, Rambo Grey / AC-303)","??7,999",4,Wonderful,packaging excellent. value for money product.
"MAHARAJA WHITELINE 65 L Desert Air Cooler??(White, Grey, Rambo Grey / AC-303)","??7,999",5,Simply awesome,"Delivered within 2 days, working good"
"MAHARAJA WHITELINE 65 L Desert Air Cooler??(White, Grey, Rambo Grey / AC-303)","??7,999",4,Nice product,Efficient for Large RoomsPros-1. Low Noise of Fan2. Inverter Friendly3. Cools large rooms fastly and easily4. It have Aroma chamber in which you can add tablet of frangrance to Counter Smell of Woodwool Pads5. It have 2 Section for air flow which means you can adjust it to get Air for double decker cot equally.Cons-1.They should have provided stand of castor wheel for it to move.2. It should have Ice ChamberWill Update more about it in future...
"MAHARAJA WHITELINE 65 L Desert Air Cooler??(White, Grey, Rambo Grey / AC-303)","??7,999",4,Worth the money,better than the steel cooler less noise and value for money
"MAHARAJA WHITELINE 65 L Desert Air Cooler??(White, Grey, Rambo Grey / AC-303)","??7,999",1,Useless product,"dont buy maharaja whiteline coolers , they have cheap aluminum motors that are good for at max 2 years. repair cost of these motors is so high that u would want to sell rather than repair them."
"MAHARAJA WHITELINE 65 L Desert Air Cooler??(White, Grey, Rambo Grey / AC-303)","??7,999",5,Excellent,Very nice product and delivery is satisfied
"MAHARAJA WHITELINE 65 L Desert Air Cooler??(White, Grey, Rambo Grey / AC-303)","??7,999",1,"Like an assembled, one can get for 4.5K Cheap Quality","No Quality product.1. The wood wool has started falling out from the next day.2. Out of Two Led (Indicator ) has found not working on arrival.3. The air swinger is already giving noise when moving which never used to be in my old cooler which I am using since 3 years.4. The quality is no way machine to ""Branded"" coolers.5. Anti bacterial tank has been bacterial now as there is no way to clean it. So, congested to maintain it cleanly.In my way think before you buy.AC has option to Aut..."
"MAHARAJA WHITELINE 65 L Desert Air Cooler??(White, Grey, Rambo Grey / AC-303)","??7,999",5,Simply awesome,Air throw is very good. It makes room very cool in just half an hour. Full tank capacity is 65 litres which stays up to 5 hours. It makes big living room colder. Not very much noisy.
"MAHARAJA WHITELINE 65 L Desert Air Cooler??(White, Grey, Rambo Grey / AC-303)","??7,999",5,Great product,on time delivery... Received exact product..Thank u Flipkart.
"MAHARAJA WHITELINE 65 L Desert Air Cooler??(White, Grey, Rambo Grey / AC-303)","??7,999",5,Wonderful,Maharaja always no 1...
"MAHARAJA WHITELINE 65 L Desert Air Cooler??(White, Grey, Rambo Grey / AC-303)","??7,999",5,Wonderful,Awesome product. Love this
"MAHARAJA WHITELINE 65 L Desert Air Cooler??(White, Grey, Rambo Grey / AC-303)","??7,999",2,Not good,Poar quality plastic material is not good.
"MAHARAJA WHITELINE 65 L Desert Air Cooler??(White, Grey, Rambo Grey / AC-303)","??7,999",4,Very Good,Value for money
"MAHARAJA WHITELINE 65 L Desert Air Cooler??(White, Grey, Rambo Grey / AC-303)","??7,999",5,Super!,Nice cooler
"MAHARAJA WHITELINE 65 L Desert Air Cooler??(White, Grey, Rambo Grey / AC-303)","??7,999",5,Terrific purchase,fantastic product.. great cool...
"MAHARAJA WHITELINE 65 L Desert Air Cooler??(White, Grey, Rambo Grey / AC-303)","??7,999",2,Slightly disappointed,"Don't buy just by seing the comments, don't know how people review and rate the product. Cooling is ok, but when it comes to fill the water, you would need inlet pipe to fill the water, we cannot open from the backsides to fill the water.Cleaning is highly impossible, because there is no way you can open and clean. Worst design. Other small small branded companies provide all those facilities, but this is worst product design, totally unhappy with this product."
"MAHARAJA WHITELINE 65 L Desert Air Cooler??(White, Grey, Rambo Grey / AC-303)","??7,999",4,Good quality product,Best at its price
"MAHARAJA WHITELINE 65 L Desert Air Cooler??(White, Grey, Rambo Grey / AC-303)","??7,999",2,Expected a better product,"This is my review after using this product for a week.1-air throw is good.2-produce less noise.3-good product at reasonable price.But it never open from behind,not easy to clean,refill the water,cable is short"
"MAHARAJA WHITELINE 65 L Desert Air Cooler??(White, Grey, Rambo Grey / AC-303)","??7,999",1,Horrible,Cooling fan problem
"MAHARAJA WHITELINE 65 L Desert Air Cooler??(White, Grey, Rambo Grey / AC-303)","??7,999",3,Nice,"After discount Rs 7200. Price is OKQuality is OKDelivery as on time OKMotor Speed 1200 rpm OKPump OKColour is OK & look is also OKWater storage is Appx 65 ltd More than 3 large bucket is OKStill giving 3 star because it is a large in size and in width, not fit to my window. Not expected.Will give next rating after couple of month usage.Thanx Flipkart."
"MAHARAJA WHITELINE 65 L Desert Air Cooler??(White, Grey, Rambo Grey / AC-303)","??7,999",4,Good quality product,"Product is really worthy of price 8k , however it occupied more space in room. Should one consider it before buy it. Worth for that money"
"MAHARAJA WHITELINE 65 L Desert Air Cooler??(White, Grey, Rambo Grey / AC-303)","??7,999",5,Simply awesome,"Mind Blowing Very Good for Hall and for Big Wondow, it's really big in size, Quality is nice, must buy"
"MAHARAJA WHITELINE 65 L Desert Air Cooler??(White, Grey, Rambo Grey / AC-303)","??7,999",5,Mind-blowing purchase,Good and sufficient size
"MAHARAJA WHITELINE 65 L Desert Air Cooler??(White, Grey, Rambo Grey / AC-303)","??7,999",5,Highly recommended,Awesome
"MAHARAJA WHITELINE 65 L Desert Air Cooler??(White, Grey, Rambo Grey / AC-303)","??7,999",5,Fabulous!,Good product
"MAHARAJA WHITELINE 65 L Desert Air Cooler??(White, Grey, Rambo Grey / AC-303)","??7,999",5,Brilliant,Best product
"MAHARAJA WHITELINE 65 L Desert Air Cooler??(White, Grey, Rambo Grey / AC-303)","??7,999",5,Great product,Very good
"MAHARAJA WHITELINE 65 L Desert Air Cooler??(White, Grey, Rambo Grey / AC-303)","??7,999",5,Highly recommended,Good product delivery on time ??
"MAHARAJA WHITELINE 65 L Desert Air Cooler??(White, Grey, Rambo Grey / AC-303)","??7,999",5,Must buy!,Nice product deliver in time
"MAHARAJA WHITELINE 65 L Desert Air Cooler??(White, Grey, Rambo Grey / AC-303)","??7,999",5,Terrific purchase,I honestly liked the product.Best desert cooler at lowest price. I got the deal of 6889/-Nice brand. Good built quality with precision to each.Good switches and knobs to control.Takes space as its huge.Very silent.Not high but good speed fan to cool upto upto 12 feet.No ice tray but its not a matter.Go for it.
"MAHARAJA WHITELINE 65 L Desert Air Cooler??(White, Grey, Rambo Grey / AC-303)","??7,999",1,Very poor,Don't buy this product.. Within 1.5 year wind blade was broken and noise issue. Wind blow very low.. It's better to go other brand..
"MAHARAJA WHITELINE 65 L Desert Air Cooler??(White, Grey, Rambo Grey / AC-303)","??7,999",5,Mind-blowing purchase,Awesome product
"MAHARAJA WHITELINE 65 L Desert Air Cooler??(White, Grey, Rambo Grey / AC-303)","??7,999",5,Terrific purchase,Very good product.
"MAHARAJA WHITELINE 65 L Desert Air Cooler??(White, Grey, Rambo Grey / AC-303)","??7,999",4,Good quality product,Valu for money
"MAHARAJA WHITELINE 65 L Desert Air Cooler??(White, Grey, Rambo Grey / AC-303)","??7,999",4,Wonderful,Nice to
"MAHARAJA WHITELINE 65 L Desert Air Cooler??(White, Grey, Rambo Grey / AC-303)","??7,999",1,Useless product,Worst product ....Fan speed very slow....like nothing......
"MAHARAJA WHITELINE 65 L Desert Air Cooler??(White, Grey, Rambo Grey / AC-303)","??7,999",5,Terrific purchase,Best product
"MAHARAJA WHITELINE 65 L Desert Air Cooler??(White, Grey, Rambo Grey / AC-303)","??7,999",5,Simply awesome,"Big size, mostly like industrial cooler, but within this price and my house is big it is perfect. No wheels but  can buy stand and it works fine. If you have close home and less space go for other options."
"MAHARAJA WHITELINE 65 L Desert Air Cooler??(White, Grey, Rambo Grey / AC-303)","??7,999",1,Unsatisfactory,Very Bad service by Flipkart customer care representative and Jeeves agent. Too much Bad performance. No cooling just like a stand fan.
"MAHARAJA WHITELINE 65 L Desert Air Cooler??(White, Grey, Rambo Grey / AC-303)","??7,999",4,Really Nice,Oh really really very good I am so happy
"MAHARAJA WHITELINE 65 L Desert Air Cooler??(White, Grey, Rambo Grey / AC-303)","??7,999",1,Unsatisfactory,Low air and not cooling as axcpected
"MAHARAJA WHITELINE 65 L Desert Air Cooler??(White, Grey, Rambo Grey / AC-303)","??7,999",5,Best in the market!,Super cooling system
"MAHARAJA WHITELINE 65 L Desert Air Cooler??(White, Grey, Rambo Grey / AC-303)","??7,999",5,Highly recommended,Very nice working
"MAHARAJA WHITELINE 65 L Desert Air Cooler??(White, Grey, Rambo Grey / AC-303)","??7,999",5,Classy product,Excellent performance
"MAHARAJA WHITELINE 65 L Desert Air Cooler??(White, Grey, Rambo Grey / AC-303)","??7,999",4,Good quality product,Good ???
"MAHARAJA WHITELINE 65 L Desert Air Cooler??(White, Grey, Rambo Grey / AC-303)","??7,999",5,Best in the market!,Wonderful product.  Can go for it.
"MAHARAJA WHITELINE 65 L Desert Air Cooler??(White, Grey, Rambo Grey / AC-303)","??7,999",4,Good quality product,Really desert cooler. Super cool???????
"MAHARAJA WHITELINE 65 L Desert Air Cooler??(White, Grey, Rambo Grey / AC-303)","??7,999",5,Brilliant,Very Good product. Water flow must be slow from pump but it's okay.
"MAHARAJA WHITELINE 65 L Desert Air Cooler??(White, Grey, Rambo Grey / AC-303)","??7,999",1,Absolute rubbish!,Water inlet is not good
"MAHARAJA WHITELINE 65 L Desert Air Cooler??(White, Grey, Rambo Grey / AC-303)","??7,999",5,Terrific,Awesome
"MAHARAJA WHITELINE 65 L Desert Air Cooler??(White, Grey, Rambo Grey / AC-303)","??7,999",5,Terrific purchase,OWSUM PRODUCT
"MAHARAJA WHITELINE 65 L Desert Air Cooler??(White, Grey, Rambo Grey / AC-303)","??7,999",3,Just okay,Not so good
"MAHARAJA WHITELINE 65 L Desert Air Cooler??(White, Grey, Rambo Grey / AC-303)","??7,999",4,Nice product,"Cooler is really very good, but use any cooler ventilation os a must, without ventilation no cooler will work, especially in rainy season.Product is original, was delivered safely.- this review is after a week."
"MAHARAJA WHITELINE 65 L Desert Air Cooler??(White, Grey, Rambo Grey / AC-303)","??7,999",4,Good quality product,??ice product
"MAHARAJA WHITELINE 65 L Desert Air Cooler??(White, Grey, Rambo Grey / AC-303)","??7,999",5,Perfect product!,Not working motors and very bad poor maharaja cooler
"MAHARAJA WHITELINE 65 L Desert Air Cooler??(White, Grey, Rambo Grey / AC-303)","??7,999",5,Must buy!,Very good product worth buying
"MAHARAJA WHITELINE 65 L Desert Air Cooler??(White, Grey, Rambo Grey / AC-303)","??7,999",5,Perfect product!,Good product
"MAHARAJA WHITELINE 65 L Desert Air Cooler??(White, Grey, Rambo Grey / AC-303)","??7,999",2,Bad quality,Fan speed is slow and making lot of noise
"MAHARAJA WHITELINE 65 L Desert Air Cooler??(White, Grey, Rambo Grey / AC-303)","??7,999",5,Mind-blowing purchase,Nice cooler .Perfect for hall.
"MAHARAJA WHITELINE 65 L Desert Air Cooler??(White, Grey, Rambo Grey / AC-303)","??7,999",4,Worth the money,Very good cooling
"MAHARAJA WHITELINE 65 L Desert Air Cooler??(White, Grey, Rambo Grey / AC-303)","??7,999",1,Worst experience ever!,Average production
"MAHARAJA WHITELINE 65 L Desert Air Cooler??(White, Grey, Rambo Grey / AC-303)","??7,999",4,Really Nice,Awesome
"MAHARAJA WHITELINE 65 L Desert Air Cooler??(White, Grey, Rambo Grey / AC-303)","??7,999",5,Fabulous!,Awesome
"MAHARAJA WHITELINE 65 L Desert Air Cooler??(White, Grey, Rambo Grey / AC-303)","??7,999",5,Highly recommended,Nice product
"MAHARAJA WHITELINE 65 L Desert Air Cooler??(White, Grey, Rambo Grey / AC-303)","??7,999",5,Fabulous!,Good aircoolr
"MAHARAJA WHITELINE 65 L Desert Air Cooler??(White, Grey, Rambo Grey / AC-303)","??7,999",4,Good quality product,Nice
"MAHARAJA WHITELINE 65 L Desert Air Cooler??(White, Grey, Rambo Grey / AC-303)","??7,999",5,Great product,Good condition best cooling
"MAHARAJA WHITELINE 65 L Desert Air Cooler??(White, Grey, Rambo Grey / AC-303)","??7,999",4,Really Nice,Good product
"MAHARAJA WHITELINE 65 L Desert Air Cooler??(White, Grey, Rambo Grey / AC-303)","??7,999",5,Wonderful,Good
"MAHARAJA WHITELINE 65 L Desert Air Cooler??(White, Grey, Rambo Grey / AC-303)","??7,999",5,Just wow!,"Superb nice cooling,simply awesome unbeatable at this price range."
"MAHARAJA WHITELINE 65 L Desert Air Cooler??(White, Grey, Rambo Grey / AC-303)","??7,999",4,Good quality product,"Build quality is better than Symphony Jumbo 70.However, cooling is a bit lesser and noise a bit more than Symphony Jumbo 70.A larger tank capacity of 90-100 ltr with Aspen pads is desirable."
"MAHARAJA WHITELINE 65 L Desert Air Cooler??(White, Grey, Rambo Grey / AC-303)","??7,999",3,Just okay,Product quality is very bad  and fan blade broken... Air flow average
"MAHARAJA WHITELINE 65 L Desert Air Cooler??(White, Grey, Rambo Grey / AC-303)","??7,999",5,Super!,Good product
"MAHARAJA WHITELINE 65 L Desert Air Cooler??(White, Grey, Rambo Grey / AC-303)","??7,999",3,Nice,Nice product
"MAHARAJA WHITELINE 65 L Desert Air Cooler??(White, Grey, Rambo Grey / AC-303)","??7,999",5,Fabulous!,Amazing
"MAHARAJA WHITELINE 65 L Desert Air Cooler??(White, Grey, Rambo Grey / AC-303)","??7,999",1,Worthless,This cooler is not not cooling the room
"MAHARAJA WHITELINE 65 L Desert Air Cooler??(White, Grey, Rambo Grey / AC-303)","??7,999",5,Worth every penny,Excellent
"MAHARAJA WHITELINE 65 L Desert Air Cooler??(White, Grey, Rambo Grey / AC-303)","??7,999",4,Worth the money,Cooling system is good
"MAHARAJA WHITELINE 65 L Desert Air Cooler??(White, Grey, Rambo Grey / AC-303)","??7,999",1,Absolute rubbish!,Speed  of cooler is slower than fan after one week of use.
"MAHARAJA WHITELINE 65 L Desert Air Cooler??(White, Grey, Rambo Grey / AC-303)","??7,999",5,Super!,Awesome for big rooms.
"MAHARAJA WHITELINE 65 L Desert Air Cooler??(White, Grey, Rambo Grey / AC-303)","??7,999",4,Very Good,"Cooler is good but sige is big colling good prise 6500The cooler is good, but its airing speed is low.Makes very little noise and is good to watch."
"MAHARAJA WHITELINE 65 L Desert Air Cooler??(White, Grey, Rambo Grey / AC-303)","??7,999",4,Really Nice,Good product
"MAHARAJA WHITELINE 65 L Desert Air Cooler??(White, Grey, Rambo Grey / AC-303)","??7,999",3,Just okay,Speed is very slow
"MAHARAJA WHITELINE 65 L Desert Air Cooler??(White, Grey, Rambo Grey / AC-303)","??7,999",5,Terrific purchase,"Very good product, in all respect it is one of the best desert cooler in the market and finally thanks to Flipkart & product designer/ manufacturers.it looks simple but cooling effect is amaging ."
"MAHARAJA WHITELINE 65 L Desert Air Cooler??(White, Grey, Rambo Grey / AC-303)","??7,999",5,Mind-blowing purchase,Very good
"MAHARAJA WHITELINE 65 L Desert Air Cooler??(White, Grey, Rambo Grey / AC-303)","??7,999",5,Highly recommended,Awesome
"MAHARAJA WHITELINE 65 L Desert Air Cooler??(White, Grey, Rambo Grey / AC-303)","??7,999",1,Very poor,Not satisfied with the cooling very bad cooling
"MAHARAJA WHITELINE 65 L Desert Air Cooler??(White, Grey, Rambo Grey / AC-303)","??7,999",5,Mind-blowing purchase,I think that it is small but it is big and Colling is excellent
"MAHARAJA WHITELINE 65 L Desert Air Cooler??(White, Grey, Rambo Grey / AC-303)","??7,999",5,Terrific purchase,Very nice product I am happy
"MAHARAJA WHITELINE 65 L Desert Air Cooler??(White, Grey, Rambo Grey / AC-303)","??7,999",5,Best in the market!,I like it. It is good.
"MAHARAJA WHITELINE 65 L Desert Air Cooler??(White, Grey, Rambo Grey / AC-303)","??7,999",5,Excellent,Good
"MAHARAJA WHITELINE 65 L Desert Air Cooler??(White, Grey, Rambo Grey / AC-303)","??7,999",4,Delightful,The product is very good and the product was delivered on time.
"MAHARAJA WHITELINE 65 L Desert Air Cooler??(White, Grey, Rambo Grey / AC-303)","??7,999",5,Wonderful,Very nice
"MAHARAJA WHITELINE 65 L Desert Air Cooler??(White, Grey, Rambo Grey / AC-303)","??7,999",5,Great product,As expected it's fit to 150sqft room. Cool air
"MAHARAJA WHITELINE 65 L Desert Air Cooler??(White, Grey, Rambo Grey / AC-303)","??7,999",1,Worst experience ever!,Fan speed low and do not proper cooling....
"MAHARAJA WHITELINE 65 L Desert Air Cooler??(White, Grey, Rambo Grey / AC-303)","??7,999",5,Terrific,Excellent ???????????
"MAHARAJA WHITELINE 65 L Desert Air Cooler??(White, Grey, Rambo Grey / AC-303)","??7,999",4,Value-for-money,Good but it's too Big
"MAHARAJA WHITELINE 65 L Desert Air Cooler??(White, Grey, Rambo Grey / AC-303)","??7,999",5,Fabulous!,Superb cooler. It cools room within 5 minute . Amazing cooler amazing price.
"MAHARAJA WHITELINE 65 L Desert Air Cooler??(White, Grey, Rambo Grey / AC-303)","??7,999",4,Good choice,"Good Quality Product, Drain system needs improvement"
"MAHARAJA WHITELINE 65 L Desert Air Cooler??(White, Grey, Rambo Grey / AC-303)","??7,999",5,Must buy!,Best cooler in market
"MAHARAJA WHITELINE 65 L Desert Air Cooler??(White, Grey, Rambo Grey / AC-303)","??7,999",4,Good quality product,"Smart cooling, we are using the cooler in fan speed of one feeling like winter. Thanks maharaja..."
"MAHARAJA WHITELINE 65 L Desert Air Cooler??(White, Grey, Rambo Grey / AC-303)","??7,999",5,Wonderful,Thanks
"MAHARAJA WHITELINE 65 L Desert Air Cooler??(White, Grey, Rambo Grey / AC-303)","??7,999",4,Very Good,Fantastic product thanks maharaja & filpcart
"MAHARAJA WHITELINE 65 L Desert Air Cooler??(White, Grey, Rambo Grey / AC-303)","??7,999",5,Excellent,Awesome ???
"MAHARAJA WHITELINE 65 L Desert Air Cooler??(White, Grey, Rambo Grey / AC-303)","??7,999",1,Very poor,Very useless service
"MAHARAJA WHITELINE 65 L Desert Air Cooler??(White, Grey, Rambo Grey / AC-303)","??7,999",5,Mind-blowing purchase,Good
"MAHARAJA WHITELINE 65 L Desert Air Cooler??(White, Grey, Rambo Grey / AC-303)","??7,999",5,Classy product,Occupies space but is worth it
"MAHARAJA WHITELINE 65 L Desert Air Cooler??(White, Grey, Rambo Grey / AC-303)","??7,999",4,Wonderful,Nice cooler with strong and quality built. Using it  from last 2 months.
"MAHARAJA WHITELINE 65 L Desert Air Cooler??(White, Grey, Rambo Grey / AC-303)","??7,999",1,Worst experience ever!,If ur staying in hot city. This is waste. Don't buy.
"MAHARAJA WHITELINE 65 L Desert Air Cooler??(White, Grey, Rambo Grey / AC-303)","??7,999",5,Just wow!,Excellent
"MAHARAJA WHITELINE 65 L Desert Air Cooler??(White, Grey, Rambo Grey / AC-303)","??7,999",3,Nice,Cooler is good but very dirty smell ???
"MAHARAJA WHITELINE 65 L Desert Air Cooler??(White, Grey, Rambo Grey / AC-303)","??7,999",1,Absolute rubbish!,Not effective cooling. Fan area of effect is also very narrow. Not ideal. Returned it.
"MAHARAJA WHITELINE 65 L Desert Air Cooler??(White, Grey, Rambo Grey / AC-303)","??7,999",3,Decent product,Built quality is not up to the mark. Overall avearge.
"MAHARAJA WHITELINE 65 L Desert Air Cooler??(White, Grey, Rambo Grey / AC-303)","??7,999",5,Mind-blowing purchase,Awesome
"MAHARAJA WHITELINE 65 L Desert Air Cooler??(White, Grey, Rambo Grey / AC-303)","??7,999",1,Hated it!,"Very bad product. Its water tank is not sufficient for a day, tank empty in 4 hours and not open easily for cleaning"
"MAHARAJA WHITELINE 65 L Desert Air Cooler??(White, Grey, Rambo Grey / AC-303)","??7,999",1,Useless product,Wrost cooler ever purchased. Not even 10 feet throw. Build quality is not upto mark. Purchase another good brand cooler instead of this.
"MAHARAJA WHITELINE 65 L Desert Air Cooler??(White, Grey, Rambo Grey / AC-303)","??7,999",4,Wonderful,Good working in maharaja
"MAHARAJA WHITELINE 65 L Desert Air Cooler??(White, Grey, Rambo Grey / AC-303)","??7,999",5,Awesome,Nice cooler... You can go for it??
"MAHARAJA WHITELINE 65 L Desert Air Cooler??(White, Grey, Rambo Grey / AC-303)","??7,999",5,Super!,Fabulous
"MAHARAJA WHITELINE 65 L Desert Air Cooler??(White, Grey, Rambo Grey / AC-303)","??7,999",4,Good quality product,value for money
"MAHARAJA WHITELINE 65 L Desert Air Cooler??(White, Grey, Rambo Grey / AC-303)","??7,999",3,Fair,Cooling very late n water will come slowly
"MAHARAJA WHITELINE 65 L Desert Air Cooler??(White, Grey, Rambo Grey / AC-303)","??7,999",4,Worth the money,Good but how to wash the cooler....... It's tension.........
"MAHARAJA WHITELINE 65 L Desert Air Cooler??(White, Grey, Rambo Grey / AC-303)","??7,999",4,Good choice,Nice products...
"MAHARAJA WHITELINE 65 L Desert Air Cooler??(White, Grey, Rambo Grey / AC-303)","??7,999",3,Good,Fan speed is low but great cooling
"MAHARAJA WHITELINE 65 L Desert Air Cooler??(White, Grey, Rambo Grey / AC-303)","??7,999",5,Simply awesome,"Good cooler for big rooms, water lasts full night works best with cross ventilation, highly recommended"
"MAHARAJA WHITELINE 65 L Desert Air Cooler??(White, Grey, Rambo Grey / AC-303)","??7,999",4,Value-for-money,Very good and smooth working.. All functions are very good but wood grass all side bad improve side honeycomb cooling pad.
"MAHARAJA WHITELINE 65 L Desert Air Cooler??(White, Grey, Rambo Grey / AC-303)","??7,999",1,Absolute rubbish!,Waste of money ??????
"MAHARAJA WHITELINE 65 L Desert Air Cooler??(White, Grey, Rambo Grey / AC-303)","??7,999",1,Unsatisfactory,Not god air thorw not god quality not accepted
"MAHARAJA WHITELINE 65 L Desert Air Cooler??(White, Grey, Rambo Grey / AC-303)","??7,999",4,Good quality product,"Cheap and best cooler, even good for extreme summer"
"MAHARAJA WHITELINE 65 L Desert Air Cooler??(White, Grey, Rambo Grey / AC-303)","??7,999",5,Mind-blowing purchase,Nice product
"MAHARAJA WHITELINE 65 L Desert Air Cooler??(White, Grey, Rambo Grey / AC-303)","??7,999",5,Awesome,I am very happy
"MAHARAJA WHITELINE 65 L Desert Air Cooler??(White, Grey, Rambo Grey / AC-303)","??7,999",5,Terrific,Nice
"MAHARAJA WHITELINE 65 L Desert Air Cooler??(White, Grey, Rambo Grey / AC-303)","??7,999",3,Nice,Air throw weak
"MAHARAJA WHITELINE 65 L Desert Air Cooler??(White, Grey, Rambo Grey / AC-303)","??7,999",5,Wonderful,super
"MAHARAJA WHITELINE 65 L Desert Air Cooler??(White, Grey, Rambo Grey / AC-303)","??7,999",1,Terrible product,Too much big size
"MAHARAJA WHITELINE 65 L Desert Air Cooler??(White, Grey, Rambo Grey / AC-303)","??7,999",5,Super!,Best
"MAHARAJA WHITELINE 65 L Desert Air Cooler??(White, Grey, Rambo Grey / AC-303)","??7,999",5,Best in the market!,Just awsm... it's cooling beats many expensive branded cooler .... price is also very decent comparing other coolers
"MAHARAJA WHITELINE 65 L Desert Air Cooler??(White, Grey, Rambo Grey / AC-303)","??7,999",4,Good choice,Good
"MAHARAJA WHITELINE 65 L Desert Air Cooler??(White, Grey, Rambo Grey / AC-303)","??7,999",5,Terrific purchase,It's a big cooler..air throw is good. Cooling is also good. Build material is sturdy. Water inlet shuld be Little bit big... overall I am satisfied with the product.
"MAHARAJA WHITELINE 65 L Desert Air Cooler??(White, Grey, Rambo Grey / AC-303)","??7,999",5,Super!,Good cooling low noise. Better Daily change the water to avoid smell. Separate water hose required for water loading.
"MAHARAJA WHITELINE 65 L Desert Air Cooler??(White, Grey, Rambo Grey / AC-303)","??7,999",4,Good choice,Good quality
"MAHARAJA WHITELINE 65 L Desert Air Cooler??(White, Grey, Rambo Grey / AC-303)","??7,999",5,Best in the market!,Very good. In time delivery. Beautiful organization from flipcort.Thank you.
"MAHARAJA WHITELINE 65 L Desert Air Cooler??(White, Grey, Rambo Grey / AC-303)","??7,999",1,Not recommended at all,"Very bad product, bad quality,. Low air flow, not useful product, waist money, before 100 time think purchasing this product. This product r not refundable. All Flipkart assistant was misguid."
"MAHARAJA WHITELINE 65 L Desert Air Cooler??(White, Grey, Rambo Grey / AC-303)","??7,999",5,Awesome,Delivery of the product is amazing as usual And Delivery Person is also very Helpful
"MAHARAJA WHITELINE 65 L Desert Air Cooler??(White, Grey, Rambo Grey / AC-303)","??7,999",5,Terrific,I am writing a review after using it for 4 days. This cooler is very nice. Size is jumbo. Cooling starts in the room after a while at night.
"MAHARAJA WHITELINE 65 L Desert Air Cooler??(White, Grey, Rambo Grey / AC-303)","??7,999",4,Delightful,"I am giving 4 star but its deserv 10 out 9 i m cutting 1 star due to stand and water indicator, once stand n water indicator will include this will be become the best, nice air cooling, super design, power air throught range no sound overall worth to buy."
"MAHARAJA WHITELINE 65 L Desert Air Cooler??(White, Grey, Rambo Grey / AC-303)","??7,999",4,Very Good,Nice product
"MAHARAJA WHITELINE 65 L Desert Air Cooler??(White, Grey, Rambo Grey / AC-303)","??7,999",5,Perfect product!,Yes! It's quite good..you can go for it.. nicely delivered..thank you flipkart.
"MAHARAJA WHITELINE 65 L Desert Air Cooler??(White, Grey, Rambo Grey / AC-303)","??7,999",5,Perfect product!,Value for Money
"MAHARAJA WHITELINE 65 L Desert Air Cooler??(White, Grey, Rambo Grey / AC-303)","??7,999",5,Super!,Very good
"MAHARAJA WHITELINE 65 L Desert Air Cooler??(White, Grey, Rambo Grey / AC-303)","??7,999",1,Hated it!,Very poor product and heavy smell through out the room. Received damaged
"MAHARAJA WHITELINE 65 L Desert Air Cooler??(White, Grey, Rambo Grey / AC-303)","??7,999",3,Decent product,Ok
"MAHARAJA WHITELINE 65 L Desert Air Cooler??(White, Grey, Rambo Grey / AC-303)","??7,999",5,Terrific,This is aws product at healthy price. It's worth to buy.
"MAHARAJA WHITELINE 65 L Desert Air Cooler??(White, Grey, Rambo Grey / AC-303)","??7,999",5,Excellent,Very nice ???
"MAHARAJA WHITELINE 65 L Desert Air Cooler??(White, Grey, Rambo Grey / AC-303)","??7,999",5,Terrific,"I was vary of buying coole online as I cannot check the airflow or faults before purchasing. But this cooler really changed my mind. I did extensive research, watched reviews, and at the end selected this. This is a beast of a cooler, the airflow is absolutely amazing. For this sizzling weather this cooler really throws cool air. One advice, always keep your coolers in a fully ventilated area, like outside a window. Then you will see how great it works. This was a great purchase, and if you a..."
"MAHARAJA WHITELINE 65 L Desert Air Cooler??(White, Grey, Rambo Grey / AC-303)","??7,999",5,Simply awesome,Nice
"MAHARAJA WHITELINE 65 L Desert Air Cooler??(White, Grey, Rambo Grey / AC-303)","??7,999",5,Brilliant,Very good product. Very nice cooling.
"MAHARAJA WHITELINE 65 L Desert Air Cooler??(White, Grey, Rambo Grey / AC-303)","??7,999",5,Classy product,"Good one , very less noise"
"MAHARAJA WHITELINE 65 L Desert Air Cooler??(White, Grey, Rambo Grey / AC-303)","??7,999",4,Wonderful,good
"MAHARAJA WHITELINE 65 L Desert Air Cooler??(White, Grey, Rambo Grey / AC-303)","??7,999",5,Best in the market!,It's great..works like an AC.
"MAHARAJA WHITELINE 65 L Desert Air Cooler??(White, Grey, Rambo Grey / AC-303)","??7,999",5,Best in the market!,"Best cooler,low noise and better cooling"
"MAHARAJA WHITELINE 65 L Desert Air Cooler??(White, Grey, Rambo Grey / AC-303)","??7,999",5,Best in the market!,Super
"MAHARAJA WHITELINE 65 L Desert Air Cooler??(White, Grey, Rambo Grey / AC-303)","??7,999",1,Did not meet expectations,Delivered the Product on time but the demo was not done even after two weeks for which the amount is already deducted. Complaint was raised but they are dragging that will be done in 24 hours. But many 24 & 48 hours have gone.
"MAHARAJA WHITELINE 65 L Desert Air Cooler??(White, Grey, Rambo Grey / AC-303)","??7,999",5,Wonderful,awaesome cooler.... it is better than symphony
"MAHARAJA WHITELINE 65 L Desert Air Cooler??(White, Grey, Rambo Grey / AC-303)","??7,999",5,Classy product,Flipkart delivery very nice and product in this time good
"MAHARAJA WHITELINE 65 L Desert Air Cooler??(White, Grey, Rambo Grey / AC-303)","??7,999",5,Just wow!,Cooler is so good and cooling best.Thank you Flipkart
"MAHARAJA WHITELINE 65 L Desert Air Cooler??(White, Grey, Rambo Grey / AC-303)","??7,999",5,Terrific,Good one.
"MAHARAJA WHITELINE 65 L Desert Air Cooler??(White, Grey, Rambo Grey / AC-303)","??7,999",4,Very Good,Nice product cooling air
"MAHARAJA WHITELINE 65 L Desert Air Cooler??(White, Grey, Rambo Grey / AC-303)","??7,999",5,Fabulous!,Best air cooler ???
"MAHARAJA WHITELINE 65 L Desert Air Cooler??(White, Grey, Rambo Grey / AC-303)","??7,999",5,Simply awesome,After use of one week in extreme conditions i feel this cooler works very fine strongly recommend to buy this product
"MAHARAJA WHITELINE 65 L Desert Air Cooler??(White, Grey, Rambo Grey / AC-303)","??7,999",4,Delightful,LOOKS Good purchase and Economical. Tge power cord should have been 5 meters or 6 meters length instead of existing 2 meters given the huge size if this Desert cooler.
"MAHARAJA WHITELINE 65 L Desert Air Cooler??(White, Grey, Rambo Grey / AC-303)","??7,999",4,Value-for-money,It's best small family
"MAHARAJA WHITELINE 65 L Desert Air Cooler??(White, Grey, Rambo Grey / AC-303)","??7,999",1,Very poor,EXTREMELY HORRIBLE SERVICE.DO NOT ORDER
"MAHARAJA WHITELINE 65 L Desert Air Cooler??(White, Grey, Rambo Grey / AC-303)","??7,999",4,Nice product,Extremely good productGood product for lower floor and not good for the top floor.
"MAHARAJA WHITELINE 65 L Desert Air Cooler??(White, Grey, Rambo Grey / AC-303)","??7,999",5,Terrific,Verry Good Indian Fast Desert Coolar verey verry nise product
"MAHARAJA WHITELINE 65 L Desert Air Cooler??(White, Grey, Rambo Grey / AC-303)","??7,999",4,Value-for-money,"Air cooler is better, im happy recived your product !!"
"MAHARAJA WHITELINE 65 L Desert Air Cooler??(White, Grey, Rambo Grey / AC-303)","??7,999",4,Wonderful,Good Product
"MAHARAJA WHITELINE 65 L Desert Air Cooler??(White, Grey, Rambo Grey / AC-303)","??7,999",3,Decent product,We found inside fan bed will not fixed properly and also bolt nuts fall inside. Further remaing all ok
"MAHARAJA WHITELINE 65 L Desert Air Cooler??(White, Grey, Rambo Grey / AC-303)","??7,999",5,Must buy!,Nice product
"MAHARAJA WHITELINE 65 L Desert Air Cooler??(White, Grey, Rambo Grey / AC-303)","??7,999",5,Mind-blowing purchase,Awesome product
"MAHARAJA WHITELINE 65 L Desert Air Cooler??(White, Grey, Rambo Grey / AC-303)","??7,999",5,Super!,Good cooler
"MAHARAJA WHITELINE 65 L Desert Air Cooler??(White, Grey, Rambo Grey / AC-303)","??7,999",5,Highly recommended,Very good product ..On very first day it fell on the floor from table with full water but quality of product is too good still working ...Thankyou flipkart ..
"MAHARAJA WHITELINE 65 L Desert Air Cooler??(White, Grey, Rambo Grey / AC-303)","??7,999",5,Super!,Fantastic cooling
"MAHARAJA WHITELINE 65 L Desert Air Cooler??(White, Grey, Rambo Grey / AC-303)","??7,999",5,Excellent,Nice cooling
"MAHARAJA WHITELINE 65 L Desert Air Cooler??(White, Grey, Rambo Grey / AC-303)","??7,999",3,Good,Please share a good operating manual. How are we supposed to flush out water? Nothing like mentioned. Also dismantling back needs a specialist. Please design in such way where even elders can operate
"MAHARAJA WHITELINE 65 L Desert Air Cooler??(White, Grey, Rambo Grey / AC-303)","??7,999",1,Horrible,"Worst product , don't waste your money"
"MAHARAJA WHITELINE 65 L Desert Air Cooler??(White, Grey, Rambo Grey / AC-303)","??7,999",5,Fabulous!,Excellent product.
"MAHARAJA WHITELINE 65 L Desert Air Cooler??(White, Grey, Rambo Grey / AC-303)","??7,999",5,Perfect product!,nice cooler awesome product
"MAHARAJA WHITELINE 65 L Desert Air Cooler??(White, Grey, Rambo Grey / AC-303)","??7,999",3,Decent product,blade of cooler fan is broken
"MAHARAJA WHITELINE 65 L Desert Air Cooler??(White, Grey, Rambo Grey / AC-303)","??7,999",2,Badly disappointed,Air delivery is very bad. Not even cooling 10X13 Room
"MAHARAJA WHITELINE 65 L Desert Air Cooler??(White, Grey, Rambo Grey / AC-303)","??7,999",5,Fabulous!,Very nice
"MAHARAJA WHITELINE 65 L Desert Air Cooler??(White, Grey, Rambo Grey / AC-303)","??7,999",3,Good,Performance reduced after 2 months
"MAHARAJA WHITELINE 65 L Desert Air Cooler??(White, Grey, Rambo Grey / AC-303)","??7,999",5,Perfect product!,It's more than my expectations.. Iam so happy.. And as usual excellent flipkart service
"MAHARAJA WHITELINE 65 L Desert Air Cooler??(White, Grey, Rambo Grey / AC-303)","??7,999",1,Terrible product,"Worst model, all user please don't buy."
"MAHARAJA WHITELINE 65 L Desert Air Cooler??(White, Grey, Rambo Grey / AC-303)","??7,999",1,Unsatisfactory,Not good
"MAHARAJA WHITELINE 65 L Desert Air Cooler??(White, Grey, Rambo Grey / AC-303)","??7,999",5,Fabulous!,Super
"MAHARAJA WHITELINE 65 L Desert Air Cooler??(White, Grey, Rambo Grey / AC-303)","??7,999",5,Just wow!,Nice product
"MAHARAJA WHITELINE 65 L Desert Air Cooler??(White, Grey, Rambo Grey / AC-303)","??7,999",5,Highly recommended,Overall good product Cons Come without stand
"MAHARAJA WHITELINE 65 L Desert Air Cooler??(White, Grey, Rambo Grey / AC-303)","??7,999",4,Good quality product,Good product nd fast delivery.
"MAHARAJA WHITELINE 65 L Desert Air Cooler??(White, Grey, Rambo Grey / AC-303)","??7,999",3,Just okay,Good.... Bt without wheel or stand very difficult to move.....
"MAHARAJA WHITELINE 65 L Desert Air Cooler??(White, Grey, Rambo Grey / AC-303)","??7,999",5,Excellent,"Best ??? product, with resionable price"
"MAHARAJA WHITELINE 65 L Desert Air Cooler??(White, Grey, Rambo Grey / AC-303)","??7,999",5,Mind-blowing purchase,It is ok
"MAHARAJA WHITELINE 65 L Desert Air Cooler??(White, Grey, Rambo Grey / AC-303)","??7,999",4,Value-for-money,Good
"MAHARAJA WHITELINE 65 L Desert Air Cooler??(White, Grey, Rambo Grey / AC-303)","??7,999",5,Worth every penny,Nice product
"MAHARAJA WHITELINE 65 L Desert Air Cooler??(White, Grey, Rambo Grey / AC-303)","??7,999",5,Brilliant,Coling is best another cooler
"MAHARAJA WHITELINE 65 L Desert Air Cooler??(White, Grey, Rambo Grey / AC-303)","??7,999",4,Wonderful,Coolar is good but suggest that i thinks wheel also  provide in coolar for easy movement
"MAHARAJA WHITELINE 65 L Desert Air Cooler??(White, Grey, Rambo Grey / AC-303)","??7,999",5,Terrific purchase,Good to go
"MAHARAJA WHITELINE 65 L Desert Air Cooler??(White, Grey, Rambo Grey / AC-303)","??7,999",1,Unsatisfactory,Very huge in size cooling no good feels air just like normal fan
"MAHARAJA WHITELINE 65 L Desert Air Cooler??(White, Grey, Rambo Grey / AC-303)","??7,999",4,Value-for-money,Awesome
"MAHARAJA WHITELINE 65 L Desert Air Cooler??(White, Grey, Rambo Grey / AC-303)","??7,999",2,Not good,Worst...
"MAHARAJA WHITELINE 65 L Desert Air Cooler??(White, Grey, Rambo Grey / AC-303)","??7,999",5,Excellent,Cooler chilled the room very fast
"MAHARAJA WHITELINE 65 L Desert Air Cooler??(White, Grey, Rambo Grey / AC-303)","??7,999",3,Nice,It's good but size is too big
"MAHARAJA WHITELINE 65 L Desert Air Cooler??(White, Grey, Rambo Grey / AC-303)","??7,999",5,Just wow!,Its huge and secondly its as good as ac but the problem is you cannot control the cooling its good if you have a 1500 sqft house
"MAHARAJA WHITELINE 65 L Desert Air Cooler??(White, Grey, Rambo Grey / AC-303)","??7,999",4,Wonderful,It is perfect for your daughter marriage items no doubt it is big and it is room cooler
"MAHARAJA WHITELINE 65 L Desert Air Cooler??(White, Grey, Rambo Grey / AC-303)","??7,999",5,Brilliant,Amazing product. It works wonders in 45?c and always go for wood woolen pads as they're better than honeycomb.
"MAHARAJA WHITELINE 65 L Desert Air Cooler??(White, Grey, Rambo Grey / AC-303)","??7,999",5,Best in the market!,Very good product Don't think much more Go for it Absolutely value of money
"MAHARAJA WHITELINE 65 L Desert Air Cooler??(White, Grey, Rambo Grey / AC-303)","??7,999",4,Very Good,It is BIG. Moving it is problematic. It would have been easier to clean if the side panels were easily removable. Does a decent job of cooling the room.
"MAHARAJA WHITELINE 65 L Desert Air Cooler??(White, Grey, Rambo Grey / AC-303)","??7,999",4,Worth the money,Good product
"MAHARAJA WHITELINE 65 L Desert Air Cooler??(White, Grey, Rambo Grey / AC-303)","??7,999",5,Must buy!,It's very good products in online it's very well
"MAHARAJA WHITELINE 65 L Desert Air Cooler??(White, Grey, Rambo Grey / AC-303)","??7,999",4,Wonderful,good
"MAHARAJA WHITELINE 65 L Desert Air Cooler??(White, Grey, Rambo Grey / AC-303)","??7,999",1,Utterly Disappointed,It's a very poor quality product. Don't buy its
"MAHARAJA WHITELINE 65 L Desert Air Cooler??(White, Grey, Rambo Grey / AC-303)","??7,999",4,Really Nice,Good with price
"MAHARAJA WHITELINE 65 L Desert Air Cooler??(White, Grey, Rambo Grey / AC-303)","??7,999",5,Mind-blowing purchase,Too good product
"MAHARAJA WHITELINE 65 L Desert Air Cooler??(White, Grey, Rambo Grey / AC-303)","??7,999",4,Pretty good,Excellent cooler happy with it...
"MAHARAJA WHITELINE 65 L Desert Air Cooler??(White, Grey, Rambo Grey / AC-303)","??7,999",5,Awesome,Very good product in low price. Its our second plastic cooler and I am happy with its cooling and other features. In future I definitely buy it again and recommend to others also. Thanks Flipkart.
"MAHARAJA WHITELINE 65 L Desert Air Cooler??(White, Grey, Rambo Grey / AC-303)","??7,999",1,Terrible product,Worst product ?????????
"MAHARAJA WHITELINE 65 L Desert Air Cooler??(White, Grey, Rambo Grey / AC-303)","??7,999",3,Does the job,Plastic quality is not that strong as of symphony coolers
"MAHARAJA WHITELINE 65 L Desert Air Cooler??(White, Grey, Rambo Grey / AC-303)","??7,999",5,Excellent,Very good product
"MAHARAJA WHITELINE 65 L Desert Air Cooler??(White, Grey, Rambo Grey / AC-303)","??7,999",3,Decent product,"Not upto the reviews build up level. Too bulky, quite noisy, lack of wheel is biggest disadvantage. Buy at your own risk!!! Not happy overall"
"MAHARAJA WHITELINE 65 L Desert Air Cooler??(White, Grey, Rambo Grey / AC-303)","??7,999",1,Did not meet expectations,Nonetheless i gives the feel of A.C
"MAHARAJA WHITELINE 65 L Desert Air Cooler??(White, Grey, Rambo Grey / AC-303)","??7,999",1,Absolute rubbish!,"This product does not cool as much as it was written in the advertisement, I am not so happy with this product."
"MAHARAJA WHITELINE 65 L Desert Air Cooler??(White, Grey, Rambo Grey / AC-303)","??7,999",4,Very Good,Good
"MAHARAJA WHITELINE 65 L Desert Air Cooler??(White, Grey, Rambo Grey / AC-303)","??7,999",4,Good quality product,Yup satisfied ???
"MAHARAJA WHITELINE 65 L Desert Air Cooler??(White, Grey, Rambo Grey / AC-303)","??7,999",3,Does the job,Air flow is not that good.
"MAHARAJA WHITELINE 65 L Desert Air Cooler??(White, Grey, Rambo Grey / AC-303)","??7,999",3,Nice,no stand and little noisy cooler
"MAHARAJA WHITELINE 65 L Desert Air Cooler??(White, Grey, Rambo Grey / AC-303)","??7,999",4,Worth the money,Very nice product
"MAHARAJA WHITELINE 65 L Desert Air Cooler??(White, Grey, Rambo Grey / AC-303)","??7,999",4,Worth the money,Good one..But still sounds generated by cooler are very noisy.Must buy stand with this cooler .
"MAHARAJA WHITELINE 65 L Desert Air Cooler??(White, Grey, Rambo Grey / AC-303)","??7,999",5,Perfect product!,Nice product. Thanks to flipkart for early delivery. Special thanks to delivery boy for gentle behaviour ..
"MAHARAJA WHITELINE 65 L Desert Air Cooler??(White, Grey, Rambo Grey / AC-303)","??7,999",4,Value-for-money,Nice product with decent price.
"MAHARAJA WHITELINE 65 L Desert Air Cooler??(White, Grey, Rambo Grey / AC-303)","??7,999",4,Pretty good,Prompt delivery.. Satisfied ..value for money
"MAHARAJA WHITELINE 65 L Desert Air Cooler??(White, Grey, Rambo Grey / AC-303)","??7,999",5,Excellent,It's awesome cooler
"MAHARAJA WHITELINE 65 L Desert Air Cooler??(White, Grey, Rambo Grey / AC-303)","??7,999",5,Best in the market!,Good
"MAHARAJA WHITELINE 65 L Desert Air Cooler??(White, Grey, Rambo Grey / AC-303)","??7,999",2,Not good,Good product. But the only drawback is to clean it. The nob in bottom available to drain water but that is not helpful if you don't have trolley.
"MAHARAJA WHITELINE 65 L Desert Air Cooler??(White, Grey, Rambo Grey / AC-303)","??7,999",5,Excellent,Excellent Product. Water consumption is good. If anyone plan to buy cooler then I recommended only the RAMBO.
"MAHARAJA WHITELINE 65 L Desert Air Cooler??(White, Grey, Rambo Grey / AC-303)","??7,999",5,Super!,"Best cooler , heavy duty , stong body"
"MAHARAJA WHITELINE 65 L Desert Air Cooler??(White, Grey, Rambo Grey / AC-303)","??7,999",5,Perfect product!,Good  product
"MAHARAJA WHITELINE 65 L Desert Air Cooler??(White, Grey, Rambo Grey / AC-303)","??7,999",4,Delightful,Product is very good.. quality of product is also good..thanks Flipkart for providing safe and on time delivery.
"MAHARAJA WHITELINE 65 L Desert Air Cooler??(White, Grey, Rambo Grey / AC-303)","??7,999",2,Moderate,Not cooling
"MAHARAJA WHITELINE 65 L Desert Air Cooler??(White, Grey, Rambo Grey / AC-303)","??7,999",1,Very poor,no expected speed and not cooling this product.
"MAHARAJA WHITELINE 65 L Desert Air Cooler??(White, Grey, Rambo Grey / AC-303)","??7,999",1,Horrible,There are no wheels to move cooler...It's very hard to place cooler after filling water...Horrible experience...Don't go for this...
"MAHARAJA WHITELINE 65 L Desert Air Cooler??(White, Grey, Rambo Grey / AC-303)","??7,999",5,Perfect product!,Have one or two very small negligible issues otherwise product is very good. Completely cools the room.
"MAHARAJA WHITELINE 65 L Desert Air Cooler??(White, Grey, Rambo Grey / AC-303)","??7,999",5,Super!,Fantastic coolar nice cooling like ac
"MAHARAJA WHITELINE 65 L Desert Air Cooler??(White, Grey, Rambo Grey / AC-303)","??7,999",5,Worth every penny,"Nice product, cooling and speed is good."
"MAHARAJA WHITELINE 65 L Desert Air Cooler??(White, Grey, Rambo Grey / AC-303)","??7,999",5,Fabulous!,Good
"MAHARAJA WHITELINE 65 L Desert Air Cooler??(White, Grey, Rambo Grey / AC-303)","??7,999",4,Wonderful,Nice cooling nice products But body isn't properly fit
"MAHARAJA WHITELINE 65 L Desert Air Cooler??(White, Grey, Rambo Grey / AC-303)","??7,999",5,Best in the market!,Superb cooler in this price
"MAHARAJA WHITELINE 65 L Desert Air Cooler??(White, Grey, Rambo Grey / AC-303)","??7,999",5,Wonderful,Awesome
"MAHARAJA WHITELINE 65 L Desert Air Cooler??(White, Grey, Rambo Grey / AC-303)","??7,999",1,Absolute rubbish!,Please dont buy this productAfter 1 month fan is not work properBuy blower fan cooler Blower fan cooler is best
"MAHARAJA WHITELINE 65 L Desert Air Cooler??(White, Grey, Rambo Grey / AC-303)","??7,999",5,Mind-blowing purchase,Nice cooler Cooling awesome
"MAHARAJA WHITELINE 65 L Desert Air Cooler??(White, Grey, Rambo Grey / AC-303)","??7,999",4,Nice product,Very nice product......
"MAHARAJA WHITELINE 65 L Desert Air Cooler??(White, Grey, Rambo Grey / AC-303)","??7,999",5,Simply awesome,Super cooling
"MAHARAJA WHITELINE 65 L Desert Air Cooler??(White, Grey, Rambo Grey / AC-303)","??7,999",4,Really Nice,Excellent product
"MAHARAJA WHITELINE 65 L Desert Air Cooler??(White, Grey, Rambo Grey / AC-303)","??7,999",4,Delightful,Nice prodouct
"MAHARAJA WHITELINE 65 L Desert Air Cooler??(White, Grey, Rambo Grey / AC-303)","??7,999",5,Super!,Excellent air cooler.
"MAHARAJA WHITELINE 65 L Desert Air Cooler??(White, Grey, Rambo Grey / AC-303)","??7,999",4,Really Nice,Overall very goodBut warranty card 3 month ago
"MAHARAJA WHITELINE 65 L Desert Air Cooler??(White, Grey, Rambo Grey / AC-303)","??7,999",4,Wonderful,Good air cooler Value for money Sound is very less Build quality need to be improve.
"MAHARAJA WHITELINE 65 L Desert Air Cooler??(White, Grey, Rambo Grey / AC-303)","??7,999",5,Best in the market!,Super...........  Very good product
"MAHARAJA WHITELINE 65 L Desert Air Cooler??(White, Grey, Rambo Grey / AC-303)","??7,999",5,Terrific purchase,"Nice one, no need of AC"
"MAHARAJA WHITELINE 65 L Desert Air Cooler??(White, Grey, Rambo Grey / AC-303)","??7,999",5,Fabulous!,Fantastic cooler in this range. Chilled more than expected.
"MAHARAJA WHITELINE 65 L Desert Air Cooler??(White, Grey, Rambo Grey / AC-303)","??7,999",5,Fabulous!,Good
"MAHARAJA WHITELINE 65 L Desert Air Cooler??(White, Grey, Rambo Grey / AC-303)","??7,999",4,Delightful,Simple super
"MAHARAJA WHITELINE 65 L Desert Air Cooler??(White, Grey, Rambo Grey / AC-303)","??7,999",5,Excellent,Good Product
"MAHARAJA WHITELINE 65 L Desert Air Cooler??(White, Grey, Rambo Grey / AC-303)","??7,999",5,Worth every penny,"Working great. Three side cooling pad has increased its efficiency. The fan speed and airflow amount could be better. It is very difficult to put water from the front. A lot of design flaws. But at this price point, it's better than other brand products. For optimal comfort and cooling, the cooler needs to put outside the room in an open space or near the window of a well-ventilated room."
"MAHARAJA WHITELINE 65 L Desert Air Cooler??(White, Grey, Rambo Grey / AC-303)","??7,999",5,Brilliant,Awesome product.... if possible pls provide wheel stand with product.
"MAHARAJA WHITELINE 65 L Desert Air Cooler??(White, Grey, Rambo Grey / AC-303)","??7,999",5,Terrific purchase,Good product. The only draw back is there is no space for putting ice.
"MAHARAJA WHITELINE 65 L Desert Air Cooler??(White, Grey, Rambo Grey / AC-303)","??7,999",3,Just okay,Unable to open to change water or grass..
"MAHARAJA WHITELINE 65 L Desert Air Cooler??(White, Grey, Rambo Grey / AC-303)","??7,999",5,Excellent,Nice product with good blower and fast cooling.... A real satisfaction for money.....
"MAHARAJA WHITELINE 65 L Desert Air Cooler??(White, Grey, Rambo Grey / AC-303)","??7,999",1,Horrible,Don't buy any one
"MAHARAJA WHITELINE 65 L Desert Air Cooler??(White, Grey, Rambo Grey / AC-303)","??7,999",2,Bad quality,Built quality is good but fan is not much powerful as expected it is good for small room. I am going to return it
"MAHARAJA WHITELINE 65 L Desert Air Cooler??(White, Grey, Rambo Grey / AC-303)","??7,999",5,Excellent,This is  best Air cooler within 8K price tag.
"MAHARAJA WHITELINE 65 L Desert Air Cooler??(White, Grey, Rambo Grey / AC-303)","??7,999",4,Value-for-money,Cooling is perfect.
"MAHARAJA WHITELINE 65 L Desert Air Cooler??(White, Grey, Rambo Grey / AC-303)","??7,999",3,Good,Good quality
"MAHARAJA WHITELINE 65 L Desert Air Cooler??(White, Grey, Rambo Grey / AC-303)","??7,999",5,Must buy!,Awesome in everything...value for money.....nice cooling
"MAHARAJA WHITELINE 65 L Desert Air Cooler??(White, Grey, Rambo Grey / AC-303)","??7,999",4,Really Nice,Cooler is jabardast but not honeycomb pad
"MAHARAJA WHITELINE 65 L Desert Air Cooler??(White, Grey, Rambo Grey / AC-303)","??7,999",5,Classy product,Very good product in this price....
"MAHARAJA WHITELINE 65 L Desert Air Cooler??(White, Grey, Rambo Grey / AC-303)","??7,999",5,Perfect product!,Minimum price maximum performance
"MAHARAJA WHITELINE 65 L Desert Air Cooler??(White, Grey, Rambo Grey / AC-303)","??7,999",5,Perfect product!,Fantastic products in such low price.. go for this without hesitation
"MAHARAJA WHITELINE 65 L Desert Air Cooler??(White, Grey, Rambo Grey / AC-303)","??7,999",5,Worth every penny,Superb
"MAHARAJA WHITELINE 65 L Desert Air Cooler??(White, Grey, Rambo Grey / AC-303)","??7,999",5,Worth every penny,Very niceCooling very goodSize Big
"MAHARAJA WHITELINE 65 L Desert Air Cooler??(White, Grey, Rambo Grey / AC-303)","??7,999",4,Worth the money,nice product
"MAHARAJA WHITELINE 65 L Desert Air Cooler??(White, Grey, Rambo Grey / AC-303)","??7,999",4,Value-for-money,"First thing cooler is very silent ,at the lowest speed noise is minimalSecond all the other things is equivalent to 10-15,000 price cooler"
"MAHARAJA WHITELINE 65 L Desert Air Cooler??(White, Grey, Rambo Grey / AC-303)","??7,999",5,Just wow!,Very nice  product I am satisfied this order
"MAHARAJA WHITELINE 65 L Desert Air Cooler??(White, Grey, Rambo Grey / AC-303)","??7,999",4,Pretty good,Wanted to give 5 ? but to handle this huge cooler atleast it should have wheels at the bottom. Unfortunately it's not available.
"MAHARAJA WHITELINE 65 L Desert Air Cooler??(White, Grey, Rambo Grey / AC-303)","??7,999",5,Fabulous!,Nice product
"MAHARAJA WHITELINE 65 L Desert Air Cooler??(White, Grey, Rambo Grey / AC-303)","??7,999",4,Good quality product,Awesome.product..best cooling
"MAHARAJA WHITELINE 65 L Desert Air Cooler??(White, Grey, Rambo Grey / AC-303)","??7,999",5,Worth every penny,Very very nice product
"MAHARAJA WHITELINE 65 L Desert Air Cooler??(White, Grey, Rambo Grey / AC-303)","??7,999",3,Nice,Product does not working defective please return
"MAHARAJA WHITELINE 65 L Desert Air Cooler??(White, Grey, Rambo Grey / AC-303)","??7,999",4,Delightful,"Best performance and minimum sound.Thanku Flipkart...,."
"MAHARAJA WHITELINE 65 L Desert Air Cooler??(White, Grey, Rambo Grey / AC-303)","??7,999",5,Mind-blowing purchase,Superb go for it
"MAHARAJA WHITELINE 65 L Desert Air Cooler??(White, Grey, Rambo Grey / AC-303)","??7,999",3,Good,Wonderfull
"MAHARAJA WHITELINE 65 L Desert Air Cooler??(White, Grey, Rambo Grey / AC-303)","??7,999",5,Best in the market!,"Good product,delivered in few days"
"MAHARAJA WHITELINE 65 L Desert Air Cooler??(White, Grey, Rambo Grey / AC-303)","??7,999",1,Terrible product,No doubt it is good in this price
"MAHARAJA WHITELINE 65 L Desert Air Cooler??(White, Grey, Rambo Grey / AC-303)","??7,999",5,Must buy!,AwesomeFull satisfied
"MAHARAJA WHITELINE 65 L Desert Air Cooler??(White, Grey, Rambo Grey / AC-303)","??7,999",5,Fabulous!,Excellent cooling at this price range.Delivered as per the date expected.
"MAHARAJA WHITELINE 65 L Desert Air Cooler??(White, Grey, Rambo Grey / AC-303)","??7,999",5,Classy product,Good
"MAHARAJA WHITELINE 65 L Desert Air Cooler??(White, Grey, Rambo Grey / AC-303)","??7,999",5,Terrific purchase,Veri nice desert cooler. Size of the cooler exceed the expectations. Timely delivered.
"MAHARAJA WHITELINE 65 L Desert Air Cooler??(White, Grey, Rambo Grey / AC-303)","??7,999",4,Good quality product,Thank u flipcart for quick delivery
"MAHARAJA WHITELINE 65 L Desert Air Cooler??(White, Grey, Rambo Grey / AC-303)","??7,999",4,BEST PRODUCT AND BEST BUY,"Thanks to FLIPCART ,very fast delivery .Boys are with corona precautions .Best cooler ,but need to give more plug wire and stand ..This is not a cooler ,feel like AC"
"MAHARAJA WHITELINE 65 L Desert Air Cooler??(White, Grey, Rambo Grey / AC-303)","??7,999",1,Utterly Disappointed,"Don't buy this product total waste of money and time, fan speed slowly decreasing and cooling is not that good, consistent."
"MAHARAJA WHITELINE 65 L Desert Air Cooler??(White, Grey, Rambo Grey / AC-303)","??7,999",5,Classy product,One of the best cooler .good use plastic meterial.best cooling
"MAHARAJA WHITELINE 65 L Desert Air Cooler??(White, Grey, Rambo Grey / AC-303)","??7,999",5,Mind-blowing purchase,Very good product
"MAHARAJA WHITELINE 65 L Desert Air Cooler??(White, Grey, Rambo Grey / AC-303)","??7,999",4,Pretty good,"Value for money, good"
"MAHARAJA WHITELINE 65 L Desert Air Cooler??(White, Grey, Rambo Grey / AC-303)","??7,999",5,Simply awesome,It's good
"MAHARAJA WHITELINE 65 L Desert Air Cooler??(White, Grey, Rambo Grey / AC-303)","??7,999",5,Highly recommended,Good man
"MAHARAJA WHITELINE 65 L Desert Air Cooler??(White, Grey, Rambo Grey / AC-303)","??7,999",5,Classy product,Superb cooling.
"MAHARAJA WHITELINE 65 L Desert Air Cooler??(White, Grey, Rambo Grey / AC-303)","??7,999",5,Just wow!,Super ????????????
"MAHARAJA WHITELINE 65 L Desert Air Cooler??(White, Grey, Rambo Grey / AC-303)","??7,999",5,Must buy!,Perfect cooler as it's name Maharaja and gives very cool air in hot and dry climate
"MAHARAJA WHITELINE 65 L Desert Air Cooler??(White, Grey, Rambo Grey / AC-303)","??7,999",5,Excellent,Super cool and quality
"MAHARAJA WHITELINE 65 L Desert Air Cooler??(White, Grey, Rambo Grey / AC-303)","??7,999",5,Worth every penny,Excellent team. Safe & hygiene delivery.Product working really great
"MAHARAJA WHITELINE 65 L Desert Air Cooler??(White, Grey, Rambo Grey / AC-303)","??7,999",5,Super!,Noiseless...air pressure n speed awesome...cooling like Ac...really worth it product ...colour design all r decent
"MAHARAJA WHITELINE 65 L Desert Air Cooler??(White, Grey, Rambo Grey / AC-303)","??7,999",5,Awesome,Product is good and the behavior of delivery boy is also good  nice product flipkart thankyou
"MAHARAJA WHITELINE 65 L Desert Air Cooler??(White, Grey, Rambo Grey / AC-303)","??7,999",5,Must buy!,Nice product in this price.
"MAHARAJA WHITELINE 65 L Desert Air Cooler??(White, Grey, Rambo Grey / AC-303)","??7,999",4,Good quality product,"Cooling best ,minimum sound ,fan speed goodBut some parts of the cooler are missingNo service avaialbleWe called Flipcart they didn't respond properly ...finally we got the spare parts from local service shop"
"MAHARAJA WHITELINE 65 L Desert Air Cooler??(White, Grey, Rambo Grey / AC-303)","??7,999",5,Classy product,Low on noise high capacity big inner space for cooling
"MAHARAJA WHITELINE 65 L Desert Air Cooler??(White, Grey, Rambo Grey / AC-303)","??7,999",5,Wonderful,Good product and nice cooling...but it's accupy large place it suitable in hall
"MAHARAJA WHITELINE 65 L Desert Air Cooler??(White, Grey, Rambo Grey / AC-303)","??7,999",5,Just wow!,Best cooler. I got it for 7k .
"MAHARAJA WHITELINE 65 L Desert Air Cooler??(White, Grey, Rambo Grey / AC-303)","??7,999",5,Classy product,Good but there is have no stand that's much desopointed
"MAHARAJA WHITELINE 65 L Desert Air Cooler??(White, Grey, Rambo Grey / AC-303)","??7,999",4,Good choice,very cool
"MAHARAJA WHITELINE 65 L Desert Air Cooler??(White, Grey, Rambo Grey / AC-303)","??7,999",3,Fair,Nice cooler
"MAHARAJA WHITELINE 65 L Desert Air Cooler??(White, Grey, Rambo Grey / AC-303)","??7,999",4,Wonderful,Excellent but it's big sound as compare to others cooler.
"MAHARAJA WHITELINE 65 L Desert Air Cooler??(White, Grey, Rambo Grey / AC-303)","??7,999",5,Fabulous!,very nice product go without second thought it is far better than 70 L also as pad is wood wool it is better than hone bee its chilled the room within 15 min purchase blidenly
"MAHARAJA WHITELINE 65 L Desert Air Cooler??(White, Grey, Rambo Grey / AC-303)","??7,999",4,Very Good,Nice cooler in this range .
"MAHARAJA WHITELINE 65 L Desert Air Cooler??(White, Grey, Rambo Grey / AC-303)","??7,999",4,Pretty good,Cooler is Good and nice coolingNice service nice coolling
"MAHARAJA WHITELINE 65 L Desert Air Cooler??(White, Grey, Rambo Grey / AC-303)","??7,999",5,Perfect product!,This cooler is cool??
"MAHARAJA WHITELINE 65 L Desert Air Cooler??(White, Grey, Rambo Grey / AC-303)","??7,999",4,Nice product,Everything was superb!!...only this was it doesn't have wheels under it.
"MAHARAJA WHITELINE 65 L Desert Air Cooler??(White, Grey, Rambo Grey / AC-303)","??7,999",4,Very Good,Nice cooler
"MAHARAJA WHITELINE 65 L Desert Air Cooler??(White, Grey, Rambo Grey / AC-303)","??7,999",5,Worth every penny,Excellent cooler. Received it two days back. It makes my room very cool even in Mumbai. The delivery boys were also very polite. Prompt delivery
"MAHARAJA WHITELINE 65 L Desert Air Cooler??(White, Grey, Rambo Grey / AC-303)","??7,999",1,Not recommended at all,"Not good ,Water leaking after one month return period"
"MAHARAJA WHITELINE 65 L Desert Air Cooler??(White, Grey, Rambo Grey / AC-303)","??7,999",4,Pretty good,Good produt
"MAHARAJA WHITELINE 65 L Desert Air Cooler??(White, Grey, Rambo Grey / AC-303)","??7,999",3,Just okay,Good
"MAHARAJA WHITELINE 65 L Desert Air Cooler??(White, Grey, Rambo Grey / AC-303)","??7,999",5,Terrific purchase,Affordable and best quality
"MAHARAJA WHITELINE 65 L Desert Air Cooler??(White, Grey, Rambo Grey / AC-303)","??7,999",4,Good choice,Good
"MAHARAJA WHITELINE 65 L Desert Air Cooler??(White, Grey, Rambo Grey / AC-303)","??7,999",5,Brilliant,Excellent
"MAHARAJA WHITELINE 65 L Desert Air Cooler??(White, Grey, Rambo Grey / AC-303)","??7,999",1,Hated it!,Not support after shell warranty
"MAHARAJA WHITELINE 65 L Desert Air Cooler??(White, Grey, Rambo Grey / AC-303)","??7,999",5,Classy product,Thanks ???
"MAHARAJA WHITELINE 65 L Desert Air Cooler??(White, Grey, Rambo Grey / AC-303)","??7,999",5,Worth every penny,"Good cooling, Minimum power consumption.... over all good"
"MAHARAJA WHITELINE 65 L Desert Air Cooler??(White, Grey, Rambo Grey / AC-303)","??7,999",4,Worth the money,Good product. But no instructions. It is very difficult to clean it. So I think it's better to give instructions to open and usage also.
"MAHARAJA WHITELINE 65 L Desert Air Cooler??(White, Grey, Rambo Grey / AC-303)","??7,999",4,Value-for-money,Super
"MAHARAJA WHITELINE 65 L Desert Air Cooler??(White, Grey, Rambo Grey / AC-303)","??7,999",5,Highly recommended,Amazing purchase!
"MAHARAJA WHITELINE 65 L Desert Air Cooler??(White, Grey, Rambo Grey / AC-303)","??7,999",3,Good,Ok
"MAHARAJA WHITELINE 65 L Desert Air Cooler??(White, Grey, Rambo Grey / AC-303)","??7,999",1,Very poor,"RH levels getting down at room, may be due to wooden cooling pads.entire human body getting sweat.local made is better than this.waste of money."
"MAHARAJA WHITELINE 65 L Desert Air Cooler??(White, Grey, Rambo Grey / AC-303)","??7,999",1,Not recommended at all,"Send Damage product. Dont buy,"
"MAHARAJA WHITELINE 65 L Desert Air Cooler??(White, Grey, Rambo Grey / AC-303)","??7,999",5,Simply awesome,Great product
"MAHARAJA WHITELINE 65 L Desert Air Cooler??(White, Grey, Rambo Grey / AC-303)","??7,999",5,Just wow!,"excellent cooler, excellent air flow, super cooling , almost silence function,Sturdy body,smart looking cooler.Thank to Maharaja White line and flipkart."
"MAHARAJA WHITELINE 65 L Desert Air Cooler??(White, Grey, Rambo Grey / AC-303)","??7,999",4,Good quality product,It's just take lots of water...
"MAHARAJA WHITELINE 65 L Desert Air Cooler??(White, Grey, Rambo Grey / AC-303)","??7,999",5,Worth every penny,very nice best cooler must buy
"MAHARAJA WHITELINE 65 L Desert Air Cooler??(White, Grey, Rambo Grey / AC-303)","??7,999",5,Just wow!,It's simply awesome all in one... Just go for it
"MAHARAJA WHITELINE 65 L Desert Air Cooler??(White, Grey, Rambo Grey / AC-303)","??7,999",4,Very Good,"Plastic body is weak, rest everything is good."
"MAHARAJA WHITELINE 65 L Desert Air Cooler??(White, Grey, Rambo Grey / AC-303)","??7,999",4,Worth the money,"Overall product is good , only problem is to move the cooler, it doesn't have wheels and also water inlet is provided in the bottom...nice product"
"MAHARAJA WHITELINE 65 L Desert Air Cooler??(White, Grey, Rambo Grey / AC-303)","??7,999",5,Terrific,Superb cooling
"MAHARAJA WHITELINE 65 L Desert Air Cooler??(White, Grey, Rambo Grey / AC-303)","??7,999",5,Must buy!,One of the best best product.
"MAHARAJA WHITELINE 65 L Desert Air Cooler??(White, Grey, Rambo Grey / AC-303)","??7,999",5,Terrific purchase,Good cooling
"MAHARAJA WHITELINE 65 L Desert Air Cooler??(White, Grey, Rambo Grey / AC-303)","??7,999",5,Super!,I am so happy for this purchase. quality of Product is very good.
"MAHARAJA WHITELINE 65 L Desert Air Cooler??(White, Grey, Rambo Grey / AC-303)","??7,999",5,Excellent,Nice product
"MAHARAJA WHITELINE 65 L Desert Air Cooler??(White, Grey, Rambo Grey / AC-303)","??7,999",4,Really Nice,Nice
"MAHARAJA WHITELINE 65 L Desert Air Cooler??(White, Grey, Rambo Grey / AC-303)","??7,999",5,Mind-blowing purchase,Built solid. Cooling super effective. It has water indicator. Fan is very sturdy as well. Have been using it since few days. Overall quite satisfied untill now. Proper desert cooler. Powerful.
"MAHARAJA WHITELINE 65 L Desert Air Cooler??(White, Grey, Rambo Grey / AC-303)","??7,999",5,Simply awesome,Very nice products
"MAHARAJA WHITELINE 65 L Desert Air Cooler??(White, Grey, Rambo Grey / AC-303)","??7,999",5,Wonderful,Size too big guuz so much bigger than expected it can occupy 2man sitting place
"MAHARAJA WHITELINE 65 L Desert Air Cooler??(White, Grey, Rambo Grey / AC-303)","??7,999",5,Just wow!,It's too good boss I am very happy.i was purchased in 6434rs in 31may.i recomded this product in air cooler but it's too large so pls saw the image than purchased.
"MAHARAJA WHITELINE 65 L Desert Air Cooler??(White, Grey, Rambo Grey / AC-303)","??7,999",1,Don't waste your money,Fan speed is maximum 3 hours.then slow action speed.customer care support bad..not responce..dont buy...u think buy other brands...
"MAHARAJA WHITELINE 65 L Desert Air Cooler??(White, Grey, Rambo Grey / AC-303)","??7,999",5,Wonderful,Good
"MAHARAJA WHITELINE 65 L Desert Air Cooler??(White, Grey, Rambo Grey / AC-303)","??7,999",5,Great product,Very good
"MAHARAJA WHITELINE 65 L Desert Air Cooler??(White, Grey, Rambo Grey / AC-303)","??7,999",5,Brilliant,Perfact
"MAHARAJA WHITELINE 65 L Desert Air Cooler??(White, Grey, Rambo Grey / AC-303)","??7,999",5,Excellent,Nice cooler
"MAHARAJA WHITELINE 65 L Desert Air Cooler??(White, Grey, Rambo Grey / AC-303)","??7,999",5,Terrific purchase,Very nice cooler after using for constant seven days ....today I'm writing it....it's worth the money ...
"MAHARAJA WHITELINE 65 L Desert Air Cooler??(White, Grey, Rambo Grey / AC-303)","??7,999",4,Worth the money,Nice cooler at this price.
"MAHARAJA WHITELINE 65 L Desert Air Cooler??(White, Grey, Rambo Grey / AC-303)","??7,999",3,Just okay,Good but not exact what I expect
"MAHARAJA WHITELINE 65 L Desert Air Cooler??(White, Grey, Rambo Grey / AC-303)","??7,999",2,Bad quality,Too big
"MAHARAJA WHITELINE 65 L Desert Air Cooler??(White, Grey, Rambo Grey / AC-303)","??7,999",5,Brilliant,"Nice product,  big size,worth of money ,fast delivery"
"MAHARAJA WHITELINE 65 L Desert Air Cooler??(White, Grey, Rambo Grey / AC-303)","??7,999",3,Good,It's ok
"MAHARAJA WHITELINE 65 L Desert Air Cooler??(White, Grey, Rambo Grey / AC-303)","??7,999",4,Worth the money,Worth it
"MAHARAJA WHITELINE 65 L Desert Air Cooler??(White, Grey, Rambo Grey / AC-303)","??7,999",4,Value-for-money,Nice cooler
"MAHARAJA WHITELINE 65 L Desert Air Cooler??(White, Grey, Rambo Grey / AC-303)","??7,999",5,Perfect product!,V good cooler
"MAHARAJA WHITELINE 65 L Desert Air Cooler??(White, Grey, Rambo Grey / AC-303)","??7,999",5,Perfect product!,I love it
"MAHARAJA WHITELINE 65 L Desert Air Cooler??(White, Grey, Rambo Grey / AC-303)","??7,999",4,Value-for-money,Very fast delivery  thank you
"MAHARAJA WHITELINE 65 L Desert Air Cooler??(White, Grey, Rambo Grey / AC-303)","??7,999",5,Best in the market!,Good
"MAHARAJA WHITELINE 65 L Desert Air Cooler??(White, Grey, Rambo Grey / AC-303)","??7,999",5,Simply awesome,Good item.
"MAHARAJA WHITELINE 65 L Desert Air Cooler??(White, Grey, Rambo Grey / AC-303)","??7,999",5,Just wow!,It Is working well and cost I think is some high.. But product is so good..
"MAHARAJA WHITELINE 65 L Desert Air Cooler??(White, Grey, Rambo Grey / AC-303)","??7,999",3,Good,Good one
"MAHARAJA WHITELINE 65 L Desert Air Cooler??(White, Grey, Rambo Grey / AC-303)","??7,999",5,Worth every penny,Awesome Product by Maharaja Whiteline
"MAHARAJA WHITELINE 65 L Desert Air Cooler??(White, Grey, Rambo Grey / AC-303)","??7,999",5,Great product,Very good product
"MAHARAJA WHITELINE 65 L Desert Air Cooler??(White, Grey, Rambo Grey / AC-303)","??7,999",5,Highly recommended,I loved this item ... worth the 7500 rupees .  It's too big than whatever we expected .!!!
"MAHARAJA WHITELINE 65 L Desert Air Cooler??(White, Grey, Rambo Grey / AC-303)","??7,999",4,Nice product,Product is good. Not got suitable stand
"MAHARAJA WHITELINE 65 L Desert Air Cooler??(White, Grey, Rambo Grey / AC-303)","??7,999",5,Just wow!,Nice cooler
"MAHARAJA WHITELINE 65 L Desert Air Cooler??(White, Grey, Rambo Grey / AC-303)","??7,999",5,Mind-blowing purchase,Good
"MAHARAJA WHITELINE 65 L Desert Air Cooler??(White, Grey, Rambo Grey / AC-303)","??7,999",5,Excellent,Best in my room
"MAHARAJA WHITELINE 65 L Desert Air Cooler??(White, Grey, Rambo Grey / AC-303)","??7,999",5,Highly recommended,Nice..  super..
"MAHARAJA WHITELINE 65 L Desert Air Cooler??(White, Grey, Rambo Grey / AC-303)","??7,999",5,Brilliant,Good cooler
"MAHARAJA WHITELINE 65 L Desert Air Cooler??(White, Grey, Rambo Grey / AC-303)","??7,999",5,Worth every penny,"Very nice,  recommended"
"MAHARAJA WHITELINE 65 L Desert Air Cooler??(White, Grey, Rambo Grey / AC-303)","??7,999",3,Utterly Disappointed,item is vry bad ...i hate flipcart item. this watch is
"MAHARAJA WHITELINE 65 L Desert Air Cooler??(White, Grey, Rambo Grey / AC-303)","??7,999",5,Brilliant,good product.....buying worst
"MAHARAJA WHITELINE 65 L Desert Air Cooler??(White, Grey, Rambo Grey / AC-303)","??7,999",5,Classy product,"It's very powerful, and best working.I like it but size is issue.Very big sizes"
"MAHARAJA WHITELINE 65 L Desert Air Cooler??(White, Grey, Rambo Grey / AC-303)","??7,999",4,Very Good,Working properly.like this cooler.
"MAHARAJA WHITELINE 65 L Desert Air Cooler??(White, Grey, Rambo Grey / AC-303)","??7,999",5,Best in the market!,Nice product superb cooling  and supersilent
"MAHARAJA WHITELINE 65 L Desert Air Cooler??(White, Grey, Rambo Grey / AC-303)","??7,999",4,Delightful,Overall product is very nice only drawback is it is large in size.
"MAHARAJA WHITELINE 65 L Desert Air Cooler??(White, Grey, Rambo Grey / AC-303)","??7,999",5,Must buy!,Super
"MAHARAJA WHITELINE 65 L Desert Air Cooler??(White, Grey, Rambo Grey / AC-303)","??7,999",5,Must buy!,"Very good cooler, feeling like AC in summer."
"MAHARAJA WHITELINE 65 L Desert Air Cooler??(White, Grey, Rambo Grey / AC-303)","??7,999",2,Expected a better product,It is suitable for 1 man only
"MAHARAJA WHITELINE 65 L Desert Air Cooler??(White, Grey, Rambo Grey / AC-303)","??7,999",5,Excellent,I love it
"MAHARAJA WHITELINE 65 L Desert Air Cooler??(White, Grey, Rambo Grey / AC-303)","??7,999",5,Just wow!,Please take care of size before purchasing otherwise product is great. I buy it in 8000 with 2 years of extended warranty.
"MAHARAJA WHITELINE 65 L Desert Air Cooler??(White, Grey, Rambo Grey / AC-303)","??7,999",4,Good quality product,Its work awesome luv it...
"MAHARAJA WHITELINE 65 L Desert Air Cooler??(White, Grey, Rambo Grey / AC-303)","??7,999",5,Must buy!,Good product as expected. Cooling room more than expected. Thanks to flipkart for fast delivery and genuine product.
"MAHARAJA WHITELINE 65 L Desert Air Cooler??(White, Grey, Rambo Grey / AC-303)","??7,999",5,Classy product,Worthy.....
"MAHARAJA WHITELINE 65 L Desert Air Cooler??(White, Grey, Rambo Grey / AC-303)","??7,999",5,Excellent,Good
"MAHARAJA WHITELINE 65 L Desert Air Cooler??(White, Grey, Rambo Grey / AC-303)","??7,999",4,Worth the money,Good delivery.. Value for money.. Best cooler ever..
"MAHARAJA WHITELINE 65 L Desert Air Cooler??(White, Grey, Rambo Grey / AC-303)","??7,999",4,Nice product,Built quality is very good. There is no light indicator in this cooler.
"MAHARAJA WHITELINE 65 L Desert Air Cooler??(White, Grey, Rambo Grey / AC-303)","??7,999",5,Awesome,God quality
"MAHARAJA WHITELINE 65 L Desert Air Cooler??(White, Grey, Rambo Grey / AC-303)","??7,999",5,Terrific purchase,Good
"MAHARAJA WHITELINE 65 L Desert Air Cooler??(White, Grey, Rambo Grey / AC-303)","??7,999",4,Wonderful,You can also buy without any hesitation ???
"MAHARAJA WHITELINE 65 L Desert Air Cooler??(White, Grey, Rambo Grey / AC-303)","??7,999",5,Awesome,Nice product  ....working  is good????
"MAHARAJA WHITELINE 65 L Desert Air Cooler??(White, Grey, Rambo Grey / AC-303)","??7,999",4,Nice product,Very good product
"MAHARAJA WHITELINE 65 L Desert Air Cooler??(White, Grey, Rambo Grey / AC-303)","??7,999",5,Must buy!,Nice product value for money
"MAHARAJA WHITELINE 65 L Desert Air Cooler??(White, Grey, Rambo Grey / AC-303)","??7,999",5,Worth every penny,Very nice cooler.??? Gives cool air even without any water. Thoughtfully made by the brand maharaja whiteline!!???? Well done maharaja whiteline.??? And good job by flipkart for delivering such a big appliance without any damage!! ???
"MAHARAJA WHITELINE 65 L Desert Air Cooler??(White, Grey, Rambo Grey / AC-303)","??7,999",4,Good quality product,Very good air cooler
"MAHARAJA WHITELINE 65 L Desert Air Cooler??(White, Grey, Rambo Grey / AC-303)","??7,999",5,Wonderful,Good product
"MAHARAJA WHITELINE 65 L Desert Air Cooler??(White, Grey, Rambo Grey / AC-303)","??7,999",3,Just okay,Very good product
"MAHARAJA WHITELINE 65 L Desert Air Cooler??(White, Grey, Rambo Grey / AC-303)","??7,999",5,Super!,Very nice
"MAHARAJA WHITELINE 65 L Desert Air Cooler??(White, Grey, Rambo Grey / AC-303)","??7,999",4,Good choice,Very good item very nice thank you Flipkart
"MAHARAJA WHITELINE 65 L Desert Air Cooler??(White, Grey, Rambo Grey / AC-303)","??7,999",5,Fabulous!,"Great deal, perfect cooling"
"MAHARAJA WHITELINE 65 L Desert Air Cooler??(White, Grey, Rambo Grey / AC-303)","??7,999",2,Moderate,Room is not cooling.. cooler is throughing only normal air.
"MAHARAJA WHITELINE 65 L Desert Air Cooler??(White, Grey, Rambo Grey / AC-303)","??7,999",5,Perfect product!,Awesome ?product
